Book Title,Price/Unit,USD
ផ្នត់គំនិត,"KHR 22,000",$5.50
ពាក្យបរិកម្ម សាងកម្លាំងចិត្ត,"KHR 60,000",$15.00
អង់អាច,"KHR 28,000",$7.00
រស់ជាខ្លួនឯង,"KHR 28,000",$7.00
មាគ៌ាទាំង៧ កសាងសេចក្តីសុខ,"KHR 29,000",$7.25
អាជីពដែលសក្តិសមនឹងខ្ញុំ,"KHR 28,000",$7.00
សំណាញ់ស្នេហ៍ ទេវបុត្របិសាច,"KHR 32,000",$8.00
កំពូលអ្នកមាននៅបាប៊ីឡូន,"KHR 12,000",$3.00
កំពូលអ្នកលក់នៅលើលោក,"KHR 12,000",$3.00
ដើរតាមបេះដូង,"KHR 21,000",$5.25
ពេលព្រឹកដ៏អសា្ចរ្យ,"KHR 24,000",$6.00
ពេលព្រឹកដ៏អសា្ចរ្យ ភាគ២,"KHR 28,000",$7.00
អ្នកឲ្យ,"KHR 13,000",$3.25
ទម្លាប់៧យ៉ាងដ៏មានប្រសិទ្ធិភាពសម្រាប់យុវវ័យ,"KHR 28,000",$7.00
ទម្លាប់៧យ៉ាងដ៏មានប្រសិទ្ធិភាពសម្រាប់បុគ្គល,"KHR 38,000",$9.50
ជោគជ័យតាមរយៈគំនិតវិជ្ជមាន,"KHR 28,000",$7.00
គំនិតបង្កើតភាពស្តុកស្តម្ភ,"KHR 26,000",$6.50
7 យុទ្ធសាស្រ្តបង្កើតទ្រព្យសម្បត្តិ និងសេចក្តីសុខ,"KHR 15,000",$3.75
ក្បួនដើម្បីក្លាយជាអ្នកមាន,"KHR 10,000",$2.50
ដំណើរផ្សងព្រេង,"KHR 12,000",$3.00
វិធីអប់រំកូនឲ្យក្លាយជាធនធានល្អក្នុងសង្គម,"KHR 20,000",$5.00
សេចក្តីសុខក្នុងគ្រាលំបាក,"KHR 24,000",$6.00
ធ្វើជាមនុស្សរីករាយ,"KHR 24,000",$6.00
ផ្លាស់ប្តូរអតីតកាល,"KHR 25,000",$6.25
​ក្លាហាន,"KHR 26,000",$6.50
មនុស្សរឹងមាំ,"KHR 38,000",$9.50
ក្តីស្រឡញ់,"KHR 26,000",$6.50
នរណានៅក្នុងបន្ទប់របស់អ្នក,"KHR 20,000",$5.00
កិច្ចព្រមព្រៀងទាំង ៤,"KHR 24,000",$6.00
IKIGAI,"KHR 28,000",$7.00
សមាធិដើម្បីថាមពលជីវិត,"KHR 36,000",$9.00
ផ្តោតលើរឿងមួយ,"KHR 28,000",$7.00
ហ៊ានបរាជ័យ,"KHR 28,000",$7.00
សសរស្តម្ភទាំង១២,"KHR 20,000",$5.00
ជំហ៊ានយក្ស,"KHR 32,000",$8.00
ចិត្តសាស្រ្តនារី,"KHR 28,000",$7.00
អំណាចនៃបច្ចុប្បន្នភាព,"KHR 28,000",$7.00
អាជីវកម្មតូចបង្កើតលុយធំ,"KHR 19,000",$4.75
​ចិត្តសាស្រ្តអប់រំកូនបែបឆ្លាតវៃ,"KHR 32,000",$8.00
អានុភាពនៃចំនួនតិច,"KHR 28,000",$7.00
អ្នកកើតមកដើម្បីឈ្នះ,"KHR 24,000",$6.00
ចិត្តសាស្រ្តទំនាក់ទំនងប្រកបដោយប្រសិទ្ធភាព,"KHR 20,000",$5.00
ឈ្នះភាពរួញរាធ្វើការងារសំខាន់,"KHR 24,000",$6.00
វិធីសាស្រ្តរៀនបែបឆ្លាតវៃ,"KHR 28,000",$7.00
សេចក្តីសុខពេលនេះ,"KHR 24,000",$6.00
អាថ៌កំបាំងចម្លែក,"KHR 28,000",$7.00
កូនសោរអានុភាពស្ត្រី,"KHR 32,000",$8.00
Kaizen,"KHR 24,000",$6.00
សិល្បៈនៃការនិយាយខ្លីខ្លឹម,"KHR 28,000",$7.00
ច្បាប់នៃការស្រូបទាញលុយ,"KHR 24,000",$6.00
ច្នៃឲ្យដូចសិល្បករ,"KHR 24,000",$6.00
គ្រប់មាគ៌ាសុទ្ធតែក្រាលដោយមាស,"KHR 20,000",$5.00
បច្ចេកទេសអភិវឌ្ឍខ្លួន,"KHR 60,000",$15.00
រសជាតិជីវិត,"KHR 24,000",$6.00
អ្នកអាចព្យាបាលបេះដូងអ្នកបាន,"KHR 24,000",$6.00
ពីល្អទៅអស្ចារ្យ,"KHR 32,000",$8.00
តើខ្ញុំអាចនិយាយអ្វីបានខ្លះ,"KHR 26,000",$6.50
គន្លឹះស្វែងរកភាពរីករាយក្នុងជីវិត និងការងាររបស់អ្នក,"KHR 22,000",$5.50
សិល្បៈឈ្នះខ្ជិល,"KHR 12,000",$3.00
ឈ្នះហ្គេមជីវិត,"KHR 16,000",$4.00
អំណាច,"KHR 30,000",$7.50
ហេតុអ្វីយើងគេង?,"KHR 38,000",$9.50
មនុស្សពេលព្រឹក,"KHR 32,000",$8.00
វិធីធ្វើជំនួញចាប់ផ្តើមពី 100$,"KHR 32,000",$8.00
អំណាច EDU,"KHR 33,000",$8.25
ដំណើរស្វែងរក Ikigai,"KHR 28,000",$7.00
កំពូលអ្នកលក់នៅលើលោកភាគ២,"KHR 28,000",$7.00
ស្វែងកអត្ថន័យជីវិត,"KHR 28,000",$7.00
មីក្រូទម្លាប់,"KHR 35,000",$8.75
គំនិតជោគវាសនា,"KHR 25,000",$6.25
ទស្សនៈសង្គម និងនយោបាយ លី ក្វាន់យូ,"KHR 28,000",$7.00
សិល្បះចងមិត្ត បន្ទន់ចិត្តអ្នកដទៃ,"KHR 28,000",$7.00
យកឈ្នះក្តីទុក្ខ សាងជីវិតស្រស់បំព្រង,"KHR 30,000",$7.50
ឪពុកអ្នកមាន បង្រៀនធុរជន,"KHR 25,000",$6.25
ចរន្តប្រាក់បួនផ្នែក,"KHR 25,000",$6.25
បុរសមកពីឋានព្រះអង្គារ នារីមកពីឋានព្រះសុក្រ,"KHR 25,000",$6.25
វិធីនិយាយនៅក្នុងចំណោមមហាជន,"KHR 28,000",$7.00
សិល្ប៏វិធីក្នុងការនិយាយ,"KHR 15,000",$3.75
វិធីចិញ្ចឹមអប់រំកូន,"KHR 15,000",$3.75
ដឹ ស៊ីក្រេត,"KHR 15,000",$3.75
ដឹ មេជីក,"KHR 15,000",$3.75
ហ៊ីរ៉ូ,"KHR 20,000",$5.00
ដឹ ផៅវ័រ,"KHR 15,000",$3.75
ដឹស៊ីក្រេតផ្លាស់ប្តូរជីវិតខ្ញុំ,"KHR 20,000",$5.00
សេដ្ឋីមួយប៉ប្រិចភ្នែក,"KHR 10,000",$2.50
កូនសោរអ្នកមាន,"KHR 25,000",$6.25
ឥស្សរភាព,"KHR 16,000",$4.00
គតិរួមលោក,"KHR 12,500",$3.13
វិធីសាស្រ្តនាំផ្លូវកូនវ័យជំទង់,"KHR 12,500",$3.13
ចិត្តវិទ្យាភាពវ័យឆ្លាត,"KHR 15,000",$3.75
ចិត្តវិទ្យាវ័យជំទង់,"KHR 15,000",$3.75
និទានបង្រៀនកូនសម្លាញ់,"KHR 15,000",$3.75
តើអ្នកដឹងអ្វីខ្លះ?,"KHR 20,000",$5.00
និទានវិញ្ញាណទិព្វ,"KHR 20,000",$5.00
ប្រាជ្ញាជីវិត ភាគ១,"KHR 15,000",$3.75
ប្រាជ្ញាជីវិត ភាគ២,"KHR 15,000",$3.75
រៀនឲ្យចេះ ប្រើចំណេះឲ្យមានប្រយោជន៍,"KHR 12,000",$3.00
រយពាន់និទាន,"KHR 14,000",$3.50
និទានអុីសុប ភាគ១,"KHR 25,000",$6.25
និទានអុីសុប ភាគ២,"KHR 25,000",$6.25
ក្មេងប៉ិនសួរ,"KHR 8,000",$2.00
និទានរៀនគិត,"KHR 15,000",$3.75
បណ្តាំកញ្ជ្រោងចាស់,"KHR 12,500",$3.13
និទានប្រាជ្ញា ១១៤រឿង,"KHR 18,000",$4.50
Vehicle,"KHR 8,000",$2.00
School,"KHR 8,000",$2.00
ព្យញ្ជនៈខ្មែរដំបូងបំផុតរបស់ខ្ញុំ (K02),"KHR 10,000",$2.50
ព្យញ្ជនៈខ្មែរដំបូងបំផុតរបស់ខ្ញុំ (W01),"KHR 10,000",$2.50
My Home,"KHR 8,000",$2.00
Animal,"KHR 8,000",$2.00
Body,"KHR 8,000",$2.00
Food,"KHR 8,000",$2.00
ធីមវើកល្អ,"KHR 16,000",$4.00
អ្នកដឹកនាំ៥កម្រិត,"KHR 28,000",$7.00
អានុភាពនៃការគិតវិជ្ជមាន,"KHR 15,000",$3.75
អំណាចនៃអនុសម្បជញ្ញៈ,"KHR 20,000",$5.00
ច្បាប់អមតៈ២១មាត្រាសម្រាប់អ្នកដឹកនាំ,"KHR 25,000",$6.25
ត្រឹមតែពូកែមិនគ្រប់គ្រាន់,"KHR 25,000",$6.25
ធ្វើឲ្យសុបិនក្លាយជាការពិត,"KHR 25,000",$6.25
អភិវឌ្ឍនសិល្បៈដឹកនាំក្នុងខ្លួនអ្នក,"KHR 22,000",$5.50
វិធីសាស្រ្តនៃការសម្រេចចិត្ត,"KHR 16,000",$4.00
ហ៊ាន,"KHR 20,000",$5.00
បញ្ញា,"KHR 15,000",$3.75
ការគិត,"KHR 16,000",$4.00
តម្រាឈ្នះចិត្តមនុស្ស,"KHR 22,000",$5.50
ស្វែងរកចំណុចខ្លាំង,"KHR 22,000",$5.50
តៅ,"KHR 15,000",$3.75
គិតធំ ឈ្នះធំ,"KHR 28,000",$7.00
វុឌ្ឍិភាវៈ,"KHR 20,000",$5.00
ហ៊ានសម្រច ហ៊ានធ្វើ,"KHR 28,000",$7.00
វិធីសាស្រ្តទាក់ទាញចិត្តមនុស្ស,"KHR 8,000",$2.00
ហេតុអ្វីអ្នកមានកាន់តែមាន,"KHR 40,000",$10.00
អត្តាគឺសត្រូវ,"KHR 28,000",$7.00
ប្រវត្តិអាញស្តាញ,"KHR 10,000",$2.50
យុទ្ធសាស្រ្តគោលដៅ,"KHR 16,000",$4.00
សិល្បៈប្រើបណ្ឌិត,"KHR 15,000",$3.75
វិជ្ជាធ្វើថៅកែ,"KHR 15,000",$3.75
មាគ៌ាសេដ្ខី,"KHR 15,000",$3.75
បុគ្គលខ្លាំង,"KHR 22,000",$5.50
កុំចុះចាញ់ខ្លួនឯង,"KHR 15,000",$3.75
ចោទឆ្លើយជាបញ្ហា,"KHR 15,000",$3.75
វិធីសាស្រ្តបង្រៀនការងារ,"KHR 10,000",$2.50
សិល្បៈតម្រង់ផ្លូវចៅហ្វាយ,"KHR 12,000",$3.00
វិធីសាស្រ្តដឹកនាំ,"KHR 10,000",$2.50
ការប្រើវោហារជាអាវុធ,"KHR 15,000",$3.75
វិធីសាស្រ្តប្រគល់ការងារ,"KHR 10,000",$2.50
បដិសេធយ៉ាងឆ្លាតវៃ,"KHR 15,000",$3.75
វិធីប្រើសំណេរក្នុងការងារ,"KHR 10,000",$2.50
មាគ៌ាបុគ្គលឆ្នើម,"KHR 12,500",$3.13
អ្នកឡឺកឺបានធ្វើសេដ្ឋី,"KHR 20,000",$5.00
ហ៊ានសុំ មានសិទ្ធ,"KHR 25,000",$6.25
ប្លាតុង,"KHR 15,000",$3.75
គរុវិភាគ,"KHR 30,000",$7.50
គ្រាន់តែដួលពុំមែនបរាជ៍យ,"KHR 18,000",$4.50
១០០ វិធីបំផុសសក្តានុពលមនុស្ស,"KHR 12,500",$3.13
សិល្បៈករឯក,"KHR 32,000",$8.00
អ្នកល្ងង់ អ្នកឆ្លាត អ្នកមានគតិបណ្ខិត,"KHR 12,000",$3.00
លោកខាងលិច កើត សកល,"KHR 15,000",$3.75
ប្រជុំរឿងជាតក ភាគ១,"KHR 15,000",$3.75
ប្រជុំរឿងជាតក ភាគ២,"KHR 15,000",$3.75
ឃើញមុខ ស្គាល់ចិត្ត,"KHR 10,000",$2.50
តម្រាពិជ័យសង្រ្គាម ស៊ុនជឺ,"KHR 15,000",$3.75
ចិត្តសាស្រ្តសាងស្នេហ៍,"KHR 12,000",$3.00
សិល្បៈចរចាមុខជំនួញ,"KHR 10,000",$2.50
វិធានការចាត់ការលើភាពតានតឹង,"KHR 10,000",$2.50
គតិបណ្ឌិតភាពជាអ្នកដឹកនាំ,"KHR 12,500",$3.13
៥០ អច្ឋរិយវត្ថុលើលោក,"KHR 13,000",$3.25
សុភាសិតជោគជ័យ,"KHR 15,000",$3.75
ខុង ជឺ,"KHR 14,000",$3.50
មេរៀនប្រវតិ្តសាស្រ្ត,"KHR 15,000",$3.75
វិធីសាស្រ្តចាត់ចែងការប្រជុំ,"KHR 10,000",$2.50
វិធីចៀសវាង ១៩៩ ស្ថានការណ៍,"KHR 11,000",$2.75
ចិត្តសាស្រ្តនៃការលក់ (ម៉ាញបុគ),"KHR 15,000",$3.75
ទស្សនវិជ្ជានយោបាយសេដ្ឋកិច្ចសង្គម,"KHR 18,000",$4.50
សាមកុក ភាគ៤,"KHR 12,500",$3.13
ចិត្តវិទ្យាអំពីប្រាក់,"KHR 28,000",$7.00
គិតឡើងវិញ,"KHR 36,000",$9.00
អព្ភន្តរញ្ញាណ,"KHR 28,000",$7.00
មុខក្រាស់ចិត្តខ្មៅ,"KHR 32,000",$8.00
សាងអារម្មណ៍ល្អស្រូបទាញក្តីសុខ,"KHR 28,000",$7.00
វិធីបូកលេខ,"KHR 16,000",$4.00
វិធីដកលេខ,"KHR 16,000",$4.00
វិធីគុណលេខ,"KHR 16,000",$4.00
វិធីចែកលេខ,"KHR 16,000",$4.00
លំហាត់ខួរក្បាល បង្កើនបញ្ញា,"KHR 16,000",$4.00
ផែនដី ព្រះអាទិត្យ ព្រះច័ន្ទ និងផ្កាយ,"KHR 8,000",$2.00
ស៊ីនដឺរេឡា,"KHR 8,000",$2.00
១០០ ពាក្យដំបូង,"KHR 10,000",$2.50
ព្យញ្ជនៈ និងស្រៈ,"KHR 8,000",$2.00
រៀនគូរ និងផាត់ពណ៌,"KHR 8,000",$2.00
ខ្យល់ព្យុះ និងព្យុះសង្ឃរា,"KHR 10,000",$2.50
ជីវិតក្នុងលំហ,"KHR 10,000",$2.50
អាកាសធាតុ,"KHR 10,000",$2.50
រញ្ជួយដី និងរលកយក្សស៊ូណាមិ,"KHR 10,000",$2.50
Let's learn Numbers 12345,"KHR 8,000",$2.00
លំហាត់គណិតវិទ្យា ១,"KHR 8,000",$2.00
លំហាត់គណិតវិទ្យា ២,"KHR 8,000",$2.00
លំហាត់គណិតវិទ្យា ៣,"KHR 8,000",$2.00
លំហាត់គណិតវិទ្យា ៤,"KHR 8,000",$2.00
លំហាត់គណិតវិទ្យា ៥,"KHR 8,000",$2.00
លេខខ្មែរ,"KHR 8,000",$2.00
ភ្នំភ្លើង,"KHR 10,000",$2.50
Let's learn Numbers ABC,"KHR 8,000",$2.00
​រាងកាយរបស់អ្នក,"KHR 10,000",$2.50
ដាយណូស័រ,"KHR 10,000",$2.50
តារាសាស្រ្ត,"KHR 10,000",$2.50
ប្រព័ន្ធព្រះអាទិត្យ,"KHR 10,000",$2.50
Rich Dad Poor Dad (Original),"KHR 28,000",$7.00
Effective Leadership (Original),"KHR 20,000",$5.00
How to Stop Worrying and Start Living (Original),"KHR 26,000",$6.50
Think and Grow Rich (Original),"KHR 28,000",$7.00
The Richest Man in Babylon (Original),"KHR 28,000",$7.00
The Power of Your Subconscious Mind (Original),"KHR 20,000",$5.00
How to Develop Self-Confidence (Original),"KHR 24,000",$6.00
Mark Zuckerberg (Original),"KHR 12,000",$3.00
Successful Selling (Original),"KHR 20,000",$5.00
The Gift of Self-Confidence (Original),"KHR 20,000",$5.00
Success (Original),"KHR 20,000",$5.00
Teamwork (Original),"KHR 20,000",$5.00
Leadership (Original),"KHR 28,000",$7.00
សិល្បៈប្រើមនុស្ស២នាក់ឱ្យទទួលបានផលស្មើនឹង៧នាក់,"KHR 25,000",$6.25
វិធីនិយាយទៅកាន់មនុស្សគ្រប់គ្នានៃគ្រប់ស្ថានការណ៍,"KHR 15,000",$3.75
ភាពជាអ្នកនិយាយកម្រិតកំពូល,"KHR 13,000",$3.25
ឪពុកអ្នកមានបង្រៀនកូន,"KHR 16,000",$4.00
ឪពុកអ្នកមានបង្រៀនកូនសាងវិថីក្លាយជាអ្នកមាន,"KHR 11,000",$2.75
ឪពុកអ្នកមានបង្រៀនយុវវ័យ,"KHR 11,000",$2.75
មេដឹកនាំអច្ឆរិយ:,"KHR 11,000",$2.75
សាលាបង្រៀនធុរកិច្ច,"KHR 14,000",$3.50
ប្រធានក្រុមការងារដ៏កំពូល​,"KHR 11,000",$2.75
ក្លាយជាអ្នកលក់ថ្នាក់កំពូល,"KHR 11,500",$2.88
ចិត្តវិទ្យាជំរុញចិត្ត,"KHR 11,000",$2.75
កំពូលទិចនិចចរចា,"KHR 11,000",$2.75
យុទ្ធសាស្ត្រអាជីវកម្ម,"KHR 12,000",$3.00
គិតបែបជនជាតិជ្វីហ្វ,"KHR 17,000",$4.25
ចិត្តសាស្រ្តនៃការលក់,"KHR 30,000",$7.50
សាងទម្លាប់សេដ្ឋី,"KHR 32,000",$8.00
វិធីនិយាយសាងប្រាក់ចំណូលអតិបរមា,"KHR 10,000",$2.50
វិធីសាស្រ្តសម្រេចគោលដៅ,"KHR 30,000",$7.50
សិល្ប:បិទការលក់,"KHR 19,000",$4.75
គិតបែបជ្វីហ្វធ្វើការបែបជប៉ុន ភាគ1,"KHR 21,000",$5.25
វិធីសាស្ត្រគ្រប់គ្រងពេលវេលា,"KHR 11,000",$2.75
វិធីសាស្ត្រជ្រើសរើសនិងថែរក្សាបុគ្គលិកល្អ,"KHR 10,000",$2.50
គិតបែបមហាសេដ្ឋី,"KHR 20,000",$5.00
ពិភពលោកក្នុងសម័យ ដូណាល់ ត្រំា,"KHR 11,000",$2.75
ស៊ុន ជឺ,"KHR 22,000",$5.50
វិធីគិតរបស់អ្នកមាន,"KHR 28,000",$7.00
គិតបែបជ្វីហ្វធ្វើការបែបជប៉ុន ភាគ២,"KHR 26,000",$6.50
យកលេខ១នៅក្នុងធុរកិច្ចររបស់អ្នកឲ្យបាន,"KHR 12,000",$3.00
គំនិតស្ត្រី,"KHR 10,000",$2.50
សិល្បៈយកឈ្នះចិត្តមនុស្ស,"KHR 6,000",$1.50
ទិចនិចលក់,"KHR 15,000",$3.75
បច្ចេកទេសដើម្បីក្លាយជាឪពុកម្តាយដ៏សែនល្អរបស់កូន,"KHR 6,000",$1.50
សិល្បៈនៃការនិយាយសម្រាប់អ្នកដឹកនាំ,"KHR 14,000",$3.50
យកឈ្នះការបដិសេធរបស់អតិថិជន,"KHR 17,000",$4.25
សិល្បៈនៃការលក់ ១០១,"KHR 13,000",$3.25
សិល្បៈនៃការទំនាក់ទំនង ១០១,"KHR 11,000",$2.75
ដល់ពេលដែលត្រូវភ្ញាក់ឡើងហើយស្ត្រីទាំងឡាយ,"KHR 55,000",$13.75
ល្បិចទល់មេឃ ភាគ១,"KHR 19,000",$4.75
ល្បិចទល់មេឃ ភាគ២,"KHR 19,000",$4.75
ថើបកង្កែបនោះទៅ!,"KHR 12,000",$3.00
បង្កើតទម្លាប់អានដើម្បីជោគជ័យ,"KHR 12,000",$3.00
ចិត្តវិទ្យារៀនពូកែ,"KHR 13,000",$3.25
៣០ វិធីរៀនពូកែ,"KHR 15,000",$3.75
កម្លាំងការគិតវិជ្ជមាន,"KHR 14,000",$3.50
រៀនពូកែប្រលងជាប់អាចធ្វើបាន,"KHR 12,000",$3.00
វិធីរៀនចាំ រៀនពូកែ រៀនបាននិទ្ទេស,"KHR 10,000",$2.50
វិធីសាស្រ្តសាងខ្លួនជាអ្នកលក់ដ៏កំពូល,"KHR 11,000",$2.75
ចង់មានលឿនមានបែបយូរអង្វែងត្រូៈប្រើលុយឲ្យធ្វើការ,"KHR 9,500",$2.38
គិតហើយធ្វើឲ្យបានសម្រេចឲ្យដូចជនជាតិជ្វីហ្វ,"KHR 13,000",$3.25
គម្ពីធ្វើជំនួញជនជាតិជ្វីហ្វ ភាគ១,"KHR 25,000",$6.25
គម្ពីធ្វើជំនួញជនជាតិជ្វីហ្វ ភាគ២,"KHR 22,000",$5.50
គម្ពីធ្វើជំនួញជនជាតិជ្វីហ្វ ភាគ៣,"KHR 25,000",$6.25
ទស្សនវិជ្ជាសាមញ្ញនៃបរមគ្រូ ខុងជឺ,"KHR 24,000",$6.00
ញ៉ាំកង្កែបនោះទៅ,"KHR 12,000",$3.00
ទោះមិនមែនកូនសេដ្ឋីក៏អាចបង្កើតអាជីវកម្មបានដែរ,"KHR 12,000",$3.00
វិធីកសាងទំនុកចិត្តលើខ្លួនឯង,"KHR 11,000",$2.75
ចិត្តវិទ្យានិយាយឈ្នះចិត្ត,"KHR 14,000",$3.50
ច្បាប់របស់កញ្ចក់,"KHR 6,000",$1.50
រូបមន្តសម្ងាត់ក្នុងខួរក្បាលមហាសេដ្ឋី,"KHR 22,000",$5.50
ឈរលើគោលជំហរដ៏រឹងមាំ,"KHR 22,000",$5.50
ចិត្តសាស្រ្តយកឈ្នះចិត្តអតិថិជន,"KHR 17,000",$4.25
ធ្វើការបែបអ្នកឈ្នះ,"KHR 9,000",$2.25
អ្វីដែលអ្នកមានបានដឹងហើយចង់លាក់ទុក,"KHR 22,000",$5.50
សេរីភាពផ្នែកហិរញ្ញវត្ថុ,"KHR 26,000",$6.50
ដោះសោរទៅ,"KHR 26,000",$6.50
ខ្លីខ្លឹមខ្លាំងគ្មានឃ្លាណាដែលគ្មានប្រយោជន៍ ភាគ១,"KHR 17,000",$4.25
វិធីកម្ចាត់សេចក្តីខ្ជិល,"KHR 14,000",$3.50
២១ អាថ៌កំបាំងជោគជ័យរបស់មហាសេដ្ឋី,"KHR 8,000",$2.00
ច្បាប់ជោគជ័យ,"KHR 25,000",$6.25
តម្រាពិជ័យសង្គ្រាម ខុងបេង,"KHR 14,000",$3.50
ព្រោះជាយុវវ័យហ្នឹងហើយទើបឈឺចាប់,"KHR 22,000",$5.50
ប្រវត្តិសាស្រ្តនៃប្រទេសកម្ពុជា,"KHR 11,000",$2.75
មានលុយមានក្តីសុខ,"KHR 25,000",$6.25
អភិវឌ្ឍសមត្ថភាពខួរក្បាលឲ្យដល់កម្រិតកំពូល,"KHR 9,000",$2.25
ខ្លីខ្លឹមខ្លាំងគ្មានឃ្លាណាដែលគ្មានប្រយោជន៍ ភាគ២,"KHR 17,000",$4.25
ប្រវត្តិសាស្រ្ត និងដំណើរនយោបាយពិភពលោក,"KHR 20,000",$5.00
វិធីដោះបំណុលសេរីភាពហិរញ្ញវត្ថុ,"KHR 37,000",$9.25
ប្រវត្តិមនុស្សសំខាន់ក្នុងពិភពលោក,"KHR 8,500",$2.13
សិល្បៈនៃការនិយាយ,"KHR 14,000",$3.50
យុទ្ធសាស្រ្តដឹកនាំក្នុងពេលមានវិបត្តិ,"KHR 14,000",$3.50
១០០​កលល្បិចផ្លាស់ប្តូរជីវិតបុគ្គលិក,"KHR 24,000",$6.00
ចិត្តវិទ្យាអានចិត្តមនុស្ស,"KHR 15,000",$3.75
កំពូលអាថ៌កំបាំងសាងតុល្យភាព លុយ ការងារ ជីវិត,"KHR 17,000",$4.25
ចិត្តសាស្រ្តសាងសុខ,"KHR 6,500",$1.63
១០០ រឿងនៃស្នេហាពិតដែលមនុស្សខូចចិត្ត,"KHR 8,000",$2.00
ចិត្តសាស្រ្តលួងលោមចិត្តខ្លួនឯង,"KHR 14,000",$3.50
គិតឲ្យធំ កុំគិតតូច,"KHR 26,000",$6.50
១០០ រឿងដែលគួរយល់ដឹងពីប្រទេសសិង្ហបុរី,"KHR 13,000",$3.25
សិល្ប៍វិធីក្នុងការតែងនិពន្ធ,"KHR 11,000",$2.75
សិល្បៈចិញ្ចឹមកូន,"KHR 16,000",$4.00
វិធីបង្រៀនកូនគ្រប់គ្រងហិរញ្ញវត្ថុ,"KHR 14,000",$3.50
អច្ឆរិយៈ ១០០រឿងនៃប្រវត្តិសាស្រ្តចិន,"KHR 15,000",$3.75
វិបត្តិ គឺឱកាស,"KHR 8,000",$2.00
ភាគ៣ ខ្លីខ្លឹមខ្លាំង,"KHR 14,000",$3.50
វិញ្ញាសាជីវិត,"KHR 32,000",$8.00
ខ្យល់ដង្ហើម,"KHR 32,000",$8.00
កាដូជីវិត,"KHR 32,000",$8.00
ដើរចេញពីអតីតកាល,"KHR 32,000",$8.00
ប្រតិទិនទស្សនៈ ៣៦៥ថ្ងៃ,"KHR 32,000",$8.00
អំណានជាអំណាច,"KHR 32,000",$8.00
ផ្តើមពីក្តីសុបិន,"KHR 35,000",$8.75
ដំណើរ,"KHR 36,000",$9.00
លម្អងដួងចិត្ត,"KHR 28,000",$7.00
ផ្ការីកនាយសមុទ្រ,"KHR 34,000",$8.50
កោះទីបីតណ្តប់,"KHR 32,000",$8.00
អ្នកស្នងកោះ,"KHR 32,000",$8.00
ដំបូងមិត្ត,"KHR 32,000",$8.00
បល្ល័ងព្រៃ,"KHR 38,000",$9.50
ផ្ទះចិញ្ចឹមសព,"KHR 35,000",$8.75
មុនថ្ងៃហៀបលិច​១,"KHR 32,000",$8.00
មុនថ្ងៃហៀបលិច​២,"KHR 34,000",$8.50
ផ្កាត្បូងទទឹម,"KHR 32,000",$8.00
លម្អងព្រិលពន្លឺ,"KHR 34,000",$8.50
ទំព័រចុងក្រោយ,"KHR 34,000",$8.50
អ័ព្ទ,"KHR 34,000",$8.50
ឃាតករមុខយក្ស,"KHR 45,000",$11.25
មានុច្ឆា,"KHR 34,000",$8.50
នៅថ្ងៃដែលយើងរៀបការ,"KHR 34,000",$8.50
វិមានអាទិទេព,"KHR 58,000",$14.50
ព្រៃតម្កល់សព,"KHR 35,000",$8.75
វិទ្យាល័យវ័យជំទង់,KHR -,$ -
លម្អងសមុទ្រ,KHR -,$ -
ពិភព២,KHR -,$ -
ជាតិមុនខ្ញុំជានរណា,"KHR 52,000",$13.00
រោគសិប្បនិម្មិត,"KHR 34,000",$8.50
កំណើតទុរភិក្ស,"KHR 35,000",$8.75
រាជវាំងក្រោមដី,"KHR 64,000",$16.00
ស្នេហាខណ្ឌចប់,"KHR 32,000",$8.00
ត្រ័យទ្វារប្រអប់ខ្មៅ,"KHR 36,000",$9.00
ការផ្តើមនៃសេចក្តីបញ្ចប់,"KHR 30,000",$7.50
មុខនាង,"KHR 38,000",$9.50
ចេញពីអ័ព្ទ,"KHR 34,000",$8.50
អាពាហ៍ពិពាហ៍ក្រាលឈាម,"KHR 35,000",$8.75
ត្រកូលចម្លងកាយ,"KHR 35,000",$8.75
ទីក្រុងអស្តង្គត,"KHR 35,000",$8.75
ស្អែករៀមលាហើយ,"KHR 40,000",$10.00
ម៉ូយ៉ាដំណើរផ្សេងព្រេងទៅផ្នូរបុរាណ,"KHR 34,000",$8.50
ស្នេហ៍ឆ្លាក់លើថ្ម,"KHR 40,000",$10.00
ទេវបុត្របញ្ចពណ៌,"KHR 44,000",$11.00
ផ្ការីកក្នុងចិត្ត,"KHR 40,000",$10.00
អន្ទាក់ឃាតករ,"KHR 34,000",$8.50
អាថ៌កំបាំងថ្នាក់៨ខ,"KHR 48,000",$12.00
មេអំបៅពណ៌ភ្លើង,"KHR 36,000",$9.00
មនុស្សគល់ឈើ,"KHR 32,000",$8.00
គ្មានទេថ្ងៃស្អែកសម្រាប់យើង,"KHR 34,000",$8.50
បណ្តាសាព្រះច័ន្ទក្រហម,"KHR 35,000",$8.75
កំណត់ហេតុស្នេហ៍ហេមន្តរដូវ,"KHR 34,000",$8.50
វាយោលាក់ស្នេហ៍,"KHR 34,000",$8.50
ផ្កាតំណក់ទឹកភ្លៀង,"KHR 34,000",$8.50
បើយើងចួបគ្នាម្តងទៀត,"KHR 34,000",$8.50
ទេពធីតាកែវមណី,"KHR 34,000",$8.50
កវីផ្សងស្នេហ៍,"KHR 34,000",$8.50
ស្នេហានេះចាស់ទុំរៀបចចំឲ្យ,"KHR 34,000",$8.50
កូនក្រមុំស្បែកជើងផ្ទាត់,"KHR 34,000",$8.50
កូនក្រមុំរដូវក្តៅ,"KHR 34,000",$8.50
កូនក្រមុំរដូវរងារ,"KHR 36,000",$9.00
កូនក្រមុំរដូវផ្ការីក,"KHR 34,000",$8.50
កូនក្រមុំរដូវស្លឹកឈើជ្រុះ,"KHR 34,000",$8.50
អណ្តាតភ្លើងពណ៌ខ្មៅ,"KHR 40,000",$10.00
ពិភពលោក ស ខ្មៅ,"KHR 34,000",$8.50
ថ្ងៃអស្តង្គតលើភ្នំដងរែក,"KHR 34,000",$8.50
ស្ទាវក្រមុំភូមិលើទឹក,"KHR 40,000",$10.00
បងប្រធានថ្នាក់ជាទីស្រឡាញ់,"KHR 38,000",$9.50
បងគ្រូជាទីស្រឡាញ់,"KHR 38,000",$9.50
ស្រីម្នាក់ដែលបងមើលរំលង,"KHR 32,000",$8.00
វិធីសាស្រ្តជាប់អាហាររូបករណ៏ទៅក្រៅប្រទេស,"KHR 56,000",$14.00
យុទ្ធសាស្រ្តទីផ្សារបស់ម៉ាកលំដាប់ពិភពលោក,"KHR 60,000",$15.00
សៀវភៅកូនក្មេង រឿងនិទានខ្លី,"KHR 12,000",$3.00
គ្មាននរណាកើតមកក្រទេ,"KHR 50,000",$12.50
យុទ្ធវិធីកងពលទីប្រាំ,"KHR 36,000",$9.00
២០ ឆ្នាំក្នុងសង្រ្គាម CIA,"KHR 32,000",$8.00
អាថ៌កំបាំងកំណត់ជោគវាសនា,"KHR 10,000",$2.50
សៀវភៅជំនួយសម្រាប់ឪពុកម្តាយកុមារអូទីហ្សឹម,"KHR 12,800",$3.20
សោយ,"KHR 156,000",$39.00
ញ៉ាំ (ខ្មែរ),"KHR 132,000",$33.00
Scared to be adult,"KHR 39,600",$9.90
ភូមិតិរច្ឆាន,"KHR 2,500",$0.63
តេជោយ៉ត,"KHR 5,500",$1.38
មាលាដួងចិត្ត,"KHR 3,000",$0.75
សូផាត,"KHR 2,000",$0.50
ផ្កាស្រពោន,"KHR 2,500",$0.63
កុលាបប៉ៃលិន,"KHR 2,000",$0.50
ព្រះអាទិត្យថ្មីរះលើផែនដីចាស់,"KHR 3,500",$0.88
គូលីកំនែន,"KHR 1,500",$0.38
ស៊ឹមអ្នកបរឡាន,"KHR 1,500",$0.38
មនោមយិទ្ធិ,"KHR 4,000",$1.00
ទុំទាវ,"KHR 2,500",$0.63
គ្រូបង្រៀនស្រុកស្រែ,"KHR 1,500",$0.38
ថៅកែចិត្តចោរ,"KHR 1,500",$0.38
រាមកេរ្តិ៍,"KHR 4,000",$1.00
សិក្សាស្វែងយល់អត្ថបទ អក្សរសិល្ប៍ខ្មែរ,"KHR 25,000",$6.25
ស្រីហិតោបទេស ភាគ1-2-3-4,"KHR 8,000",$2.00
១០០ប្រវត្តិសាស្រ្តពិភពលោក ភាគ១,"KHR 12,000",$3.00
១០០ប្រវត្តិសាស្រ្តពិភពលោក ភាគ២,"KHR 12,000",$3.00
១០០ប្រវត្តិសាស្រ្តពិភពលោក ភាគ៣,"KHR 12,000",$3.00
១០០វិទ្យសាស្រ្តអភិវឌ្ឍពិភពលោក ភាគ១,"KHR 12,000",$3.00
១០០វិទ្យសាស្រ្តអភិវឌ្ឍពិភពលោក ភាគ២,"KHR 12,000",$3.00
១០០វិទ្យសាស្រ្តអភិវឌ្ឍពិភពលោក ភាគ៣,"KHR 12,000",$3.00
១០០វិទ្យសាស្រ្តអភិវឌ្ឍពិភពលោក ភាគ៤,"KHR 12,000",$3.00
១០០វិទ្យសាស្រ្តអភិវឌ្ឍពិភពលោក ភាគ៥,"KHR 12,000",$3.00
១០០វិទ្យសាស្រ្តអភិវឌ្ឍពិភពលោក ភាគ៦,"KHR 12,000",$3.00
Billy and the Mini Monsters,"KHR 120,000",$30.00
Very First Reading,"KHR 6,000",$1.50
Flat Stanley's,"KHR 110,000",$27.50
Mighty Robot,KHR -,$ -
Tin Tin set,"KHR 180,000",$45.00
Set Economic(7 books),"KHR 172,000",$43.00
Economic,"KHR 28,000",$7.00
Save It(4 books),"KHR 76,000",$19.00
The Genius File,"KHR 116,000",$29.00
Artmis Fowl,"KHR 34,000",$8.50
Fair Tale Colleection,"KHR 6,800",$1.70
I Can Read,"KHR 5,000",$1.25
Young Reading,"KHR 6,000",$1.50
I Want to See the Sea,"KHR 112,000",$28.00
I Wonder Why,"KHR 10,000",$2.50
Set I Wonder (24 Books),"KHR 132,000",$33.00
Set 100 Things to know about (9 books),"KHR 220,000",$55.00
100 Things to know about,"KHR 24,000",$6.00
Happy Parenting,"KHR 60,000",$15.00
Warm Parenting,"KHR 60,000",$15.00
The mystery series set,"KHR 156,000",$39.00
Harry potter set,"KHR 132,000",$33.00
Diary of wimpy kid set,"KHR 260,000",$65.00
Judy moody and friends set,"KHR 100,000",$25.00
The lord of rings set,"KHR 104,000",$26.00
Percy jackson set,"KHR 100,000",$25.00
Story thieves,"KHR 112,000",$28.00
The trials of Apollo,"KHR 136,000",$34.00
1 Sherlock holmes,"KHR 88,000",$22.00
2 Sherlock holmes,"KHR 88,000",$22.00
3 Sherlock holmes,"KHR 88,000",$22.00
Set A tale of magic,"KHR 128,000",$32.00
A tale of magic,"KHR 48,000",$12.00
Set national geographic kids,"KHR 72,000",$18.00
National geographic kids,"KHR 4,400",$1.10
Set Oxford read 1,"KHR 88,000",$22.00
Oxford read 1,"KHR 4,800",$1.20
Set Oxford read 2,"KHR 88,000",$22.00
Oxford read 2,"KHR 4,800",$1.20
Set Oxford read 3,"KHR 88,000",$22.00
Oxford read 3,"KHR 4,800",$1.20
Set Oxford read 4,"KHR 88,000",$22.00
Oxford read 4,"KHR 4,800",$1.20
Set English apple,"KHR 180,000",$45.00
English apple,"KHR 19,200",$4.80
EP5 English apple,"KHR 15,200",$3.80
Science comics set,"KHR 232,000",$58.00
Science comics,"KHR 14,000",$3.50
The last dragon chronicles,"KHR 144,000",$36.00
An enola holmes,"KHR 88,000",$22.00
Usborne illustrated,"KHR 60,000",$15.00
Set marvel(31 books),"KHR 156,000",$39.00
Marvel,"KHR 6,000",$1.50
Pokemon,"KHR 120,000",$30.00
Roald Dahl,"KHR 196,000",$49.00
My weird school,"KHR 88,000",$22.00
The last kids on earth retail,"KHR 32,000",$8.00
Tin Tin retail,"KHR 34,000",$8.50
Diary of wimpy kid retail,"KHR 16,000",$4.00
The mystery series retail,"KHR 19,200",$4.80
Percy jackson retail,"KHR 28,000",$7.00
Enola holmes retail,"KHR 26,000",$6.50
The trials of apollo retail,"KHR 30,000",$7.50
Harry potter (1),"KHR 72,000",$18.00
Harry potter (the goblet of fire),"KHR 96,000",$24.00
Judy moody retail,"KHR 12,000",$3.00
Dog man set(18),KHR -,$ -
Dog man retail,KHR -,$ -
A classic case of Dr. Seuss,"KHR 116,000",$29.00
How to train your dragon,"KHR 152,000",$38.00
The land of stories,"KHR 128,000",$32.00
Clever for kid,"KHR 19,200",$4.80
Investigators retail,"KHR 34,000",$8.50
Secret coders,"KHR 100,000",$25.00
Alex rider,"KHR 180,000",$45.00
The secret seven,"KHR 76,000",$19.00
Fearless fighters,"KHR 28,000",$7.00
Wizarding movie magic,"KHR 72,000",$18.00
Friendship adventure,"KHR 88,000",$22.00
365 inpriration,"KHR 72,000",$18.00
Dog Man Hard Cover,"KHR 34,000",$8.50
Princess Stories,"KHR 92,000",$23.00
My first book of Fairy tales,"KHR 92,000",$23.00
Little bear's big adventure,"KHR 26,000",$6.50
Little red riding hood,"KHR 26,000",$6.50
123 Counting fun with mickey,"KHR 28,000",$7.00
Make your own farm,"KHR 30,000",$7.50
Animal,"KHR 34,000",$8.50
Ocean,"KHR 34,000",$8.50
Forest,"KHR 34,000",$8.50
The jungle books (small),"KHR 18,000",$4.50
Cinderella (small),"KHR 18,000",$4.50
Snow white (small),"KHR 18,000",$4.50
Rapunzel hard cover,"KHR 26,000",$6.50
Beauty and the beast hard cover,"KHR 26,000",$6.50
Cinderella hard cover,"KHR 26,000",$6.50
Snow white hard cover,"KHR 26,000",$6.50
Savage stone age,"KHR 16,000",$4.00
Jasmine's new rule (small),"KHR 24,000",$6.00
Aurora (small),"KHR 24,000",$6.00
Avata set (9pcs),"KHR 156,000",$39.00
The secret explorer (8pcs),"KHR 112,000",$28.00
Tell me,"KHR 60,000",$15.00
Goosebumps,"KHR 100,000",$25.00
Fairies and unicorns,"KHR 28,000",$7.00
Word Families,"KHR 24,000",$6.00
(Interactive storytime) Little red ridding hood,"KHR 38,000",$9.50
Disney Pixar,"KHR 32,000",$8.00
Disney,"KHR 32,000",$8.00
Disney princess,"KHR 32,000",$8.00
The jungle book Disney,"KHR 28,000",$7.00
It's an emergency,"KHR 30,000",$7.50
In the sky,"KHR 30,000",$7.50
Tangled disney storytime collection,"KHR 28,000",$7.00
The velveteen rabbit,"KHR 26,000",$6.50
The three little pigs,"KHR 26,000",$6.50
Cinderellar (Read&Learn),"KHR 26,000",$6.50
I can count one two three,"KHR 26,000",$6.50
Hello hello off we go,"KHR 26,000",$6.50
Busy day time to play,"KHR 26,000",$6.50
My life as…,"KHR 26,000",$6.50
Ready to read Science,"KHR 68,000",$17.00
Ready to read History,"KHR 68,000",$17.00
Dork dairies,"KHR 34,000",$8.50
Dork dairies big EP13,KHR -,$ -
Amelia Fang,"KHR 26,000",$6.50
What was/Is,"KHR 12,000",$3.00
Cavemice,"KHR 14,000",$3.50
The city of Ember complete set,"KHR 108,000",$27.00
Discovery 1Retail,"KHR 8,000",$2.00
Discovery 2 set,"KHR 76,000",$19.00
The world worst children,"KHR 34,000",$8.50
Wings of fire,"KHR 156,000",$39.00
Timmy failure,"KHR 20,000",$5.00
Timmy failure big EP7,"KHR 24,000",$6.00
Doraemon,"KHR 20,000",$5.00
Geronimo Stilton,"KHR 28,000",$7.00
Kid normal,"KHR 34,000",$8.50
Captain underpants,"KHR 26,000",$6.50
The adventure of the wishing chair,"KHR 20,000",$5.00
The find outers,KHR -,$ -
The famous five,"KHR 20,000",$5.00
Malory towers,"KHR 20,000",$5.00
Holiday adventure,"KHR 20,000",$5.00
The enchanted wood,"KHR 22,000",$5.50
The children of cherry tree farm,"KHR 20,000",$5.00
Retail 2EP (The secret seven),"KHR 18,000",$4.50
The naughties girl in the school,"KHR 20,000",$5.00
The O'sallivan twins at St Clare's,"KHR 20,000",$5.00
The twins at St Clare's,"KHR 20,000",$5.00
Brer Rabbit,"KHR 26,000",$6.50
Naughty Amelia Jane,"KHR 20,000",$5.00
The bad guys set,"KHR 152,000",$38.00
The bad guys retail,"KHR 14,000",$3.50
The 156 storey treehouse,"KHR 24,000",$6.00
Mad for math,"KHR 22,000",$5.50
To the most lovely mother,"KHR 26,000",$6.50
A test of courage,"KHR 30,000",$7.50
Race to crashpoint tower,"KHR 18,000",$4.50
Destiny awaits,"KHR 34,000",$8.50
The secret life of pets,"KHR 24,000",$6.00
An activity book for young,"KHR 30,000",$7.50
Pokemon adventure,"KHR 100,000",$25.00
The Amazing Peppa Pig,"KHR 128,000",$32.00
The Ultimate Peppa Pig,"KHR 128,000",$32.00
A question of Science,"KHR 18,000",$4.50
The Tolkien Treasury,"KHR 120,000",$30.00
Usborne very first word,"KHR 88,000",$22.00
David Williams,"KHR 60,000",$15.00
Famouse fivve (Enid Blyton),"KHR 120,000",$30.00
Minecreaft retail,"KHR 34,000",$8.50
Minecreaft set,KHR -,$ -
Tom gates,"KHR 18,000",$4.50
24 Hours retail,"KHR 30,000",$7.50
24 Hours set,"KHR 112,000",$28.00
The world worst class,"KHR 22,000",$5.50
Stephen king,"KHR 36,000",$9.00
Lord of the rings retail,"KHR 40,000",$10.00
The god father,"KHR 40,000",$10.00
June B Jones,"KHR 132,000",$33.00
Middle school,"KHR 28,000",$7.00
The Incredible peppa pig,"KHR 128,000",$32.00
My mr men library,,$ -
My little miss library,,$ -
Big net,"KHR 34,000",$8.50
Plant vs Zombie,"KHR 34,000",$8.50
Magic pratice copybook,"KHR 18,000",$4.50
Chinese tales,"KHR 10,000",$2.50
Dipper's guide to mystery,"KHR 48,000",$12.00
Lost legend,"KHR 68,000",$17.00
Journal 3,"KHR 80,000",$20.00
1000 Basic word,"KHR 24,000",$6.00
2000 Core word,"KHR 28,000",$7.00
4000 Essential,,$ -
Skill sharpeners,"KHR 28,000",$7.00
Treasury of…,"KHR 82,000",$20.50
Max Meow,"KHR 48,000",$12.00
The Chronicles of Narnia,"KHR 168,000",$42.00
កូនជ្រូកចង់ទៅសាលារៀន,"KHR 3,000",$0.75
កូនអណ្តើកក្លាហាន,"KHR 40,000",$10.00
ទន្សាយចាញ់ប្រាជ្ញាខ្យង,"KHR 4,000",$1.00
កូនដំរីប្រមោយវែង,"KHR 4,000",$1.00
កូនមាន់អំនួត,"KHR 4,000",$1.00
អា ខ្មៅ,"KHR 4,000",$1.00
ការសាមគ្គីរបស់គូល័រទៀន,"KHR 4,000",$1.00
ឡានខៀវ,"KHR 4,000",$1.00
រសជាតិផ្លែស្វាយ,"KHR 3,000",$0.75
កូនស្រីតូចដ៏ក្លាហាន,"KHR 3,000",$0.75
នីតា និងសាលារៀន,"KHR 3,000",$0.75
ធីតា និងចាបក្រដាស,"KHR 3,000",$0.75
កូនចាបទាំង៣,"KHR 3,000",$0.75
ពោះដ៏ធំរបស់សេង,"KHR 3,000",$0.75
សម្លាញ់ដ៏ពិសេស,"KHR 3,000",$0.75
ម៉ែស្រឡាញ់កូនទេ,"KHR 3,000",$0.75
កូនបាឡែនបូបូល្មោភស៊ី,"KHR 3,000",$0.75
ដៃដឹងកំហុស,"KHR 3,000",$0.75
ធុងសំរាមឃ្លានអាហារ,"KHR 3,000",$0.75
ខ្ញុំមិនខ្ចីខ្លាចគ្រូពេទ្យ,"KHR 3,000",$0.75
កូនមាន់តូចទាំង៥,"KHR 3,000",$0.75
អណ្តើក តើក តើក,"KHR 3,000",$0.75
ពីងពាងយក្ស,"KHR 3,000",$0.75
សុបិនដ៏អាក្រក់,"KHR 3,000",$0.75
ធ្វើជាមិត្តនឹងគ្នាបានទេ?,"KHR 6,000",$1.50
ដង្កូវនេះស៊ីអ្វី?,"KHR 4,000",$1.00
ដំណើរផ្សងព្រេងរបស់តូតូ,"KHR 4,000",$1.00
ឡានកាយដីដ៏អំនួត,"KHR 4,000",$1.00
កូនបាល់ខៀវ,"KHR 4,000",$1.00
សមជិកថ្មីក្នុងគ្រួសារខ្ញុំ,"KHR 4,000",$1.00
ស្រមោច និងស្ករគ្រាប់,"KHR 4,000",$1.00
ការ៉ុត ត្រសក់ និងប៉េងប៉ោះ,"KHR 4,000",$1.00
ទឹកចិត្តកូនប្រុស,"KHR 4,000",$1.00
កូនទីទុយដ៏សែនឆ្លាត,"KHR 4,000",$1.00
ដើមកំណើតសត្វផ្សោត,"KHR 4,000",$1.00
ជ្រូកដ៏អស្ចារ្យរបស់ខ្ញុំ,"KHR 4,000",$1.00
ត្រចៀក មាត់ និងដៃ,"KHR 4,000",$1.00
ថៅកែ សណ្តែកដី,"KHR 4,000",$1.00
កំណប់ឪពុក,"KHR 4,000",$1.00
រៀន កខ និងផាត់ពណ៌,"KHR 4,000",$1.00
ផាត់ពណ៌ រូបភាព និងព្យញ្ជនៈខ្មែរ,"KHR 4,000",$1.00
យើងនាំគ្នាទៅមើលគេអុំទូក,"KHR 4,000",$1.00
ប្រពន្ធខ្ញុំខ្មោច,"KHR 4,000",$1.00
ផ្កាកុលាបដុះលើអាចម៍គោ,"KHR 4,000",$1.00
រៀនសរសេរលេខ គូររូបផាត់ពណ៌,"KHR 4,000",$1.00
តើវាជាសំឡេងអ្វី?,"KHR 4,000",$1.00
ពពែនាំគ្នាទៅស៊ីស្មៅលើភ្នំ,"KHR 4,000",$1.00
កូនដំរីកំណាញ់,"KHR 4,000",$1.00
សត្វកុកកត្តញ្ញូ,"KHR 6,000",$1.50
សៀវភៅសរសេរ និងខ្មៅដៃ,"KHR 4,000",$1.00
កូនឆ្មារប៉ិលរប៉ូច,"KHR 5,000",$1.25
ដំរីហោះ,"KHR 5,000",$1.25
រាជបុត្រល្អ,"KHR 5,000",$1.25
បណ្តាំបឹងបុរាណ,"KHR 5,000",$1.25
ព្យាយាមនឹងបានសម្រេច,"KHR 5,000",$1.25
កូនដំរីដ៏ក្លាហាន,"KHR 5,000",$1.25
គ្រាប់ពេជ្រ និងសត្វគីង្គក់,"KHR 5,000",$1.25
ទូកនេសាទ២,"KHR 5,000",$1.25
ដំណើរផ្សងព្រេងរបស់ចក់,"KHR 5,000",$1.25
ទម្លាប់ថ្មីរបស់ខ្ញុំ,"KHR 5,000",$1.25
កូនស្រមោចក្រហម,"KHR 5,000",$1.25
កណ្តុរ និងឆ្មា,"KHR 5,000",$1.25
ម៉េវម៉េវដ៏កម្ជិល,"KHR 5,000",$1.25
កូនខ្លាឃ្មុំដ៏ក្លាហាន,"KHR 5,000",$1.25
បងប្អូនទាំងប្រាំ,"KHR 5,000",$1.25
ធ្មេញរបស់គីគី,"KHR 5,000",$1.25
ត្រចៀកកាំបូប៊ី,"KHR 5,000",$1.25
មេរោគចម្លែក,"KHR 5,000",$1.25
ទម្លាប់ល្អ,"KHR 5,000",$1.25
ជម្រកមូសខ្លា,"KHR 5,000",$1.25
កូនសេក៧ពណ៌,"KHR 5,000",$1.25
ចរិយា និងកូនសេក,"KHR 5,000",$1.25
អ្នកម៉ែដ៏អស្ចារ្យ,"KHR 5,000",$1.25
យ៉ត និងខ្លែង,"KHR 5,000",$1.25
ការសាមគ្គីរបស់ស្រមោច,"KHR 5,000",$1.25
ស្រីទូចមិនស្តាប់បង្គាប់,"KHR 5,000",$1.25
ចង់ទៅសាលារៀន,"KHR 5,000",$1.25
កូនព្រាបសទាំង១០,"KHR 5,000",$1.25
កាបូបលុយដែលរើសបាន,"KHR 5,000",$1.25
យើងលេងបិទពួន,"KHR 5,000",$1.25
ពិធីជប់លៀងរបស់សេះ,"KHR 5,000",$1.25
ចង្រិតដូង និងចង្រិតដែក,"KHR 5,000",$1.25
សត្វសេក និងផ្លែស្វាយទិព្វ,"KHR 5,000",$1.25
ស៊ីណា និងការឃោសនា,"KHR 5,000",$1.25
ត្រីអាំងមួយ,"KHR 5,000",$1.25
កូនពពែឈ្លាសវៃ,"KHR 5,000",$1.25
ជួយគ្នាគ្រាមានអាសន្ន,"KHR 5,000",$1.25
មេធាវីកង្កែប,"KHR 5,000",$1.25
ត្រចៀកធំរបស់ចេម,"KHR 5,000",$1.25
កណ្តុរដ៏រំខាន,"KHR 5,000",$1.25
ខ្មៅដៃបៃតង,"KHR 6,500",$1.63
លីដា និងសៀវភៅ,"KHR 6,500",$1.63
ការ៉េមកី,"KHR 6,500",$1.63
ចាបតូច និងកូនស្រមោចក្រហម,"KHR 6,500",$1.63
ដើមឈើ១ដើម,"KHR 6,500",$1.63
ខ្មៅដៃវេទមន្ត,"KHR 6,500",$1.63
មិនខ្លាចយក្ស,"KHR 6,500",$1.63
ឆ្មាក្រហម និងឆ្មាខៀវ,"KHR 6,500",$1.63
សំរាមហោះ,"KHR 6,500",$1.63
សុភី និងបន្លែ,"KHR 6,500",$1.63
កូនឡានច្នៃ,"KHR 6,500",$1.63
ជួយជ្រូកផង,"KHR 6,500",$1.63
សៀវភៅដែលបាត់,"KHR 6,500",$1.63
ដង្កូវបៃតង,"KHR 6,500",$1.63
ហេតុអី្វខ្ញុំត្រូវទៅសាលារៀន,"KHR 5,000",$1.25
ទេពធីតាគំនូរ,"KHR 6,500",$1.63
ដើមឈើចុងក្រោយ,"KHR 6,500",$1.63
ទទាស្វែងរកចំណី,"KHR 6,500",$1.63
កូនត្រី តិតក់,"KHR 6,500",$1.63
កូនមាន់ និងកូនទាទៅលេងទីក្រុង,"KHR 6,500",$1.63
សម្លពិសេស,"KHR 6,500",$1.63
ផ្ទះរបស់ស្វា,"KHR 6,500",$1.63
តីតី និងសាប៊ូ,"KHR 6,500",$1.63
ក្រូច១០ផ្លែ,"KHR 6,500",$1.63
វិភូ និងយក្ស,"KHR 6,500",$1.63
កូនក្តាមចង់ហើរ,"KHR 6,500",$1.63
អ្នកការពារសត្វព្រៃ និងធម្មជាតិ,"KHR 6,500",$1.63
កូនទាក្រហម,"KHR 6,500",$1.63
កូនក្របីឃ្លៀច ប៉ាងប៉ាង,"KHR 6,500",$1.63
កូនបាឡែនក្លាហាន,"KHR 6,500",$1.63
កូនឆ្កែតេអូ,"KHR 6,500",$1.63
បាត់ពងមាន់ទៅណា,"KHR 6,500",$1.63
អ៊ូកអ៊ូក និងម៉េវម៉េវ,"KHR 6,500",$1.63
តើកតើក និងផ្កាវេទមន្ត,"KHR 6,500",$1.63
ដេញកណ្តុរ,"KHR 6,500",$1.63
កូនជ្រូកឡិកឡក់,"KHR 6,500",$1.63
ពីងពីង និងថង់ប្លាស្ទិក,"KHR 6,500",$1.63
ទន្សាយធ្មេញ៣,"KHR 6,500",$1.63
សន្សំលុយ,"KHR 6,500",$1.63
កូនចៀមពូកែភ្លេច,"KHR 6,500",$1.63
ធ្មេញរបស់តូតូ,"KHR 6,500",$1.63
រឿងនិទាន ២៥ខេត្តក្រុង ភាគ១,"KHR 16,000",$4.00
រឿងនិទាន ២៥ខេត្តក្រុង ភាគ២,"KHR 16,000",$4.00
រឿងនិទាន ២៥ខេត្តក្រុង ភាគ៣,"KHR 16,000",$4.00
រឿងនិទាន ២៥ខេត្តក្រុង ភាគ៤,"KHR 16,000",$4.00
រឿងនិទាន ២៥ខេត្តក្រុង ភាគ៥,"KHR 16,000",$4.00
រឿងនិទាន ២៥ខេត្តក្រុង ភាគ៦,"KHR 16,000",$4.00
រឿងនិទាន ២៥ខេត្តក្រុង ភាគ៧,"KHR 16,000",$4.00
១០១ និទាន ភាគ១,"KHR 16,000",$4.00
១០១ និទាន ភាគ២,"KHR 16,000",$4.00
១០១ និទាន ភាគ៣,"KHR 16,000",$4.00
១០១ និទាន ភាគ៤,"KHR 16,000",$4.00
១០១ និទាន ភាគ៥,"KHR 16,000",$4.00
១០១ និទាន ភាគ៦,"KHR 16,000",$4.00
១០១ និទាន ភាគ៧,"KHR 16,000",$4.00
១០១ និទាន ភាគ៨,"KHR 16,000",$4.00
១០១ និទាន ភាគ៩,"KHR 16,000",$4.00
ភ្នំបាយ៉ង់កោ,"KHR 6,500",$1.63
ប្រាសាទបន្ទាយឆ្មា,"KHR 6,500",$1.63
ភ្នំបាណន់,"KHR 6,500",$1.63
ភ្នំប្រុសភ្នំស្រី,"KHR 6,500",$1.63
ប្រាសាទនាងខ្មៅ,"KHR 6,500",$1.63
ភ្នំសន្ទុក,"KHR 6,500",$1.63
ប្រាសាទអង្គរ,"KHR 6,500",$1.63
ក្រមុំចូលម្លប់,"KHR 6,500",$1.63
ក្រុងឧដុង្គ,"KHR 6,500",$1.63
បុត្រីនាគ,"KHR 6,500",$1.63
Mindset,KHR -,$ -
Start with Why,"KHR 44,000",$11.00
Zero to One,"KHR 40,000",$10.00
Thinking Fast and Slow,"KHR 48,000",$12.00
People,"KHR 44,000",$11.00
The Power of Now,"KHR 30,000",$7.50
Who moved my cheese?,"KHR 30,000",$7.50
The fine art of small talk,"KHR 28,000",$7.00
The subtle art of giving a f*k,"KHR 30,000",$7.50
Atomic Habits small,"KHR 40,000",$10.00
How to win friends and influence people,"KHR 26,000",$6.50
We were dreamers,"KHR 60,000",$15.00
The compound effect,"KHR 30,000",$7.50
The psychology of money,"KHR 40,000",$10.00
Good to great,"KHR 32,000",$8.00
The lean start up,"KHR 32,000",$8.00
The greatest salesman,"KHR 24,000",$6.00
Ikigai,"KHR 28,000",$7.00
Emotional intelligence,"KHR 48,000",$12.00
Master your emotion,"KHR 30,000",$7.50
Deep work,"KHR 30,000",$7.50
Educated,"KHR 32,000",$8.00
The gunslinger,"KHR 14,000",$3.50
The drawing of the tree,"KHR 22,000",$5.50
Wizard and glass,"KHR 34,000",$8.50
The waste lands,"KHR 26,000",$6.50
Poor economics,"KHR 32,000",$8.00
Great by choice,"KHR 32,000",$8.00
The power of habit,"KHR 40,000",$10.00
What I wish I knew when,"KHR 24,000",$6.00
Bad blood,"KHR 32,000",$8.00
The secret,"KHR 28,000",$7.00
Good economics for hard time,"KHR 40,000",$10.00
What got you here won't get your there,"KHR 32,000",$8.00
Happiness is,"KHR 30,000",$7.50
Talk likd ted,"KHR 30,000",$7.50
Being logical,"KHR 28,000",$7.00
How to become a straight A student,"KHR 32,000",$8.00
The present,"KHR 30,000",$7.50
Eat that frog,"KHR 28,000",$7.00
The will power instinct,"KHR 30,000",$7.50
The effective executive,"KHR 30,000",$7.50
12 rules for life,"KHR 40,000",$10.00
The intelligent investor,"KHR 30,000",$7.50
The little book of valuation,"KHR 30,000",$7.50
The book of why,"KHR 40,000",$10.00
Never split the difference,"KHR 30,000",$7.50
Do what you are,"KHR 38,000",$9.50
A man called ove,"KHR 30,000",$7.50
The 100 year life,"KHR 34,000",$8.50
Lean in,"KHR 30,000",$7.50
The making of a manager,"KHR 30,000",$7.50
The 48 laws of power,"KHR 36,000",$9.00
Surrounded by idiots,"KHR 32,000",$8.00
The 80/20 principle,"KHR 40,000",$10.00
The mountain is you,"KHR 32,000",$8.00
Ego is the enemy,"KHR 30,000",$7.50
The untethered soul,"KHR 28,000",$7.00
The power of moments,"KHR 32,000",$8.00
The little prince,"KHR 26,000",$6.50
Nudge,"KHR 34,000",$8.50
Find your why,"KHR 30,000",$7.50
Why men love bitches,"KHR 34,000",$8.50
Good vibe good life,"KHR 48,000",$12.00
Secret of millionair mind,"KHR 30,000",$7.50
Original,"KHR 40,000",$10.00
The five people you meet,"KHR 32,000",$8.00
Normal sucks,"KHR 34,000",$8.50
Confess,"KHR 34,000",$8.50
Ugly love,"KHR 36,000",$9.00
For one more day,"KHR 30,000",$7.50
Me before you,"KHR 54,000",$13.50
Kite runner,"KHR 40,000",$10.00
Outliers,"KHR 32,000",$8.00
Wonder,"KHR 34,000",$8.50
Regretting you,"KHR 34,000",$8.50
My grandmother ask me,"KHR 40,000",$10.00
The love hypothesis,"KHR 34,000",$8.50
Style guide,"KHR 30,000",$7.50
It ends with us,"KHR 34,000",$8.50
Freakonomics,"KHR 40,000",$10.00
The first 90 days,"KHR 34,000",$8.50
Stuart little,"KHR 30,000",$7.50
Getting things done,"KHR 40,000",$10.00
When breath becomes,"KHR 32,000",$8.00
A thousand splendid sans,"KHR 36,000",$9.00
Charlie and the chocolate,"KHR 30,000",$7.50
And every morning,"KHR 24,000",$6.00
Flipped,"KHR 30,000",$7.50
Walk two moons,"KHR 34,000",$8.50
We have no idea,"KHR 34,000",$8.50
The courage to be dislike,"KHR 40,000",$10.00
The sun and her flowers,"KHR 32,000",$8.00
The 5 am club,"KHR 40,000",$10.00
Normal people,"KHR 30,000",$7.50
It starts with us,"KHR 34,000",$8.50
The power of discipline,"KHR 24,000",$6.00
What if,"KHR 36,000",$9.00
Sapiens,"KHR 48,000",$12.00
Range,"KHR 36,000",$9.00
100$ start up,"KHR 44,000",$11.00
Think Again,"KHR 36,000",$9.00
Master your time,"KHR 32,000",$8.00
The 5 levels,"KHR 32,000",$8.00
Think and grow,"KHR 40,000",$10.00
Master your motivation,"KHR 30,000",$7.50
Declutter your mind,KHR -,$ -
Act like a lady,"KHR 44,000",$11.00
Getting to yes,"KHR 30,000",$7.50
Reminders of him,"KHR 34,000",$8.50
The Magic of thinking big,"KHR 40,000",$10.00
Heart bones,"KHR 34,000",$8.50
November,"KHR 34,000",$8.50
Beyond order,"KHR 40,000",$10.00
Ultralearning,"KHR 32,000",$8.00
I saw you,"KHR 32,000",$8.00
The alchemist,"KHR 28,000",$7.00
All your perfect,"KHR 34,000",$8.50
The cocise laws of the human nature,"KHR 38,000",$9.50
The art of seduction,"KHR 36,000",$9.00
Mastery,"KHR 60,000",$15.00
The almanack,"KHR 34,000",$8.50
Chicken soup,"KHR 38,000",$9.50
Why nobody told me this before,"KHR 40,000",$10.00
Master your focus,"KHR 34,000",$8.50
I want to die but I want to eat Ttoekbokki,"KHR 30,000",$7.50
(Tale from the café) Before the coffee get cold,"KHR 30,000",$7.50
You'll come back to yourself,"KHR 30,000",$7.50
The seven husband,"KHR 30,000",$7.50
(A novel) Before the coffee gets cold,"KHR 30,000",$7.50
Before your memory fades,"KHR 32,000",$8.00
Verity,"KHR 44,000",$11.00
Master your destiny,"KHR 30,000",$7.50
Option B,"KHR 28,000",$7.00
The fault in our stars,"KHR 30,000",$7.50
How to avoid climate disaster,"KHR 32,000",$8.00
Maybe someday,"KHR 40,000",$10.00
Master your thinking,"KHR 30,000",$7.50
Master your beliefs,"KHR 30,000",$7.50
Don't believe everything you thinking,"KHR 22,000",$5.50
Can't hurt me,"KHR 60,000",$15.00
Forest gump,"KHR 28,000",$7.00
To kill a mocking bird,"KHR 44,000",$11.00
Becoming,"KHR 38,000",$9.50
How to read a book,"KHR 30,000",$7.50
The element style,"KHR 24,000",$6.00
You've reach Sam,"KHR 30,000",$7.50
Steve Jobs(The man who thought),"KHR 36,000",$9.00
Flow,"KHR 32,000",$8.00
Surrounded by psychopaths,"KHR 36,000",$9.00
The art of thinking clearly,"KHR 40,000",$10.00
Surrounded by seatbacks,"KHR 34,000",$8.50
Surrounded by bad bosses,"KHR 38,000",$9.50
The millionair fastlane,"KHR 44,000",$11.00
The old man and the sea,"KHR 26,000",$6.50
Everything is fucked,"KHR 34,000",$8.50
The concise 33 strategy of war,"KHR 32,000",$8.00
The silent patient,"KHR 40,000",$10.00
Anything you want,"KHR 26,000",$6.50
The giver,"KHR 32,000",$8.00
Atomic Habits Big,"KHR 60,000",$15.00
This is how you heal,"KHR 34,000",$8.50
Mastery(Small),"KHR 48,000",$12.00
The daily stoic,"KHR 48,000",$12.00
What everybody is saying,"KHR 34,000",$8.50
"Time, love, memory","KHR 32,000",$8.00
Life of Pi,"KHR 34,000",$8.50
Designing your life,"KHR 34,000",$8.50
The bridges of madison county,"KHR 30,000",$7.50
The culture map,"KHR 32,000",$8.00
The 4-hour work week,"KHR 60,000",$15.00
"Men are from mars, women are from vennus","KHR 38,000",$9.50
What the dog saw,"KHR 44,000",$11.00
Steal like an artist,"KHR 34,000",$8.50
On speaking well,"KHR 32,000",$8.00
The power of positive thinking,"KHR 38,000",$9.50
Man's searching for meaning,"KHR 30,000",$7.50
How to fight,"KHR 28,000",$7.00
"Red, white, and royal blue","KHR 48,000",$12.00
Boundaries,"KHR 36,000",$9.00
Stillness is the key,"KHR 32,000",$8.00
8 Rules of love,"KHR 38,000",$9.50
Think like a monk,"KHR 38,000",$9.50
The housemaid,"KHR 32,000",$8.00
A new earth,"KHR 32,000",$8.00
The pearl,"KHR 24,000",$6.00
We were liars,"KHR 30,000",$7.50
How to talk to anyone,"KHR 34,000",$8.50
"Beautiful world, where are you","KHR 32,000",$8.00
the talent code,"KHR 32,000",$8.00
How highly effective people speak,"KHR 32,000",$8.00
Managing onself,"KHR 22,000",$5.50
101 Essays that will change the way you think,"KHR 40,000",$10.00
Skin in the game,"KHR 34,000",$8.50
How will you measure your life,"KHR 32,000",$8.00
Philosophy 101,"KHR 32,000",$8.00
Nine lies about work,"KHR 34,000",$8.50
This is going to hurt,"KHR 32,000",$8.00
They both die at the end,"KHR 34,000",$8.50
Milk and honey,"KHR 30,000",$7.50
Heaven official's blessing,"KHR 32,000",$8.00
Peak,"KHR 32,000",$8.00
The 12 week year,"KHR 30,000",$7.50
Conversation with friends,"KHR 44,000",$11.00
The devil wear Prada,"KHR 22,000",$5.50
The ballad of never after,"KHR 32,000",$8.00
A curse of true love,"KHR 32,000",$8.00
Call me by your name,"KHR 28,000",$7.00
Find your why big,"KHR 48,000",$12.00
Hatchet,"KHR 30,000",$7.50
Go set a watchman,"KHR 32,000",$8.00
Exhalation,"KHR 38,000",$9.50
Wildfire,"KHR 34,000",$8.50
Shoe dog,"KHR 38,000",$9.50
Surrounded by energy vampires,"KHR 34,000",$8.50
The 5 love languages,"KHR 36,000",$9.00
The hunger game,"KHR 30,000",$7.50
Crucial conversation,"KHR 32,000",$8.00
Classical mythology,"KHR 36,000",$9.00
Treasure island,"KHR 26,000",$6.50
Pinocchio,"KHR 28,000",$7.00
How to,"KHR 32,000",$8.00
Grammar in use,"KHR 38,000",$9.50
Tuesday with Morries,"KHR 30,000",$7.50
Kiss that frog,"KHR 30,000",$7.50
Show your work,"KHR 32,000",$8.00
Animal farm(George),"KHR 30,000",$7.50
1984 (George),"KHR 34,000",$8.50
Build to last,"KHR 34,000",$8.50
Once upon a broken heart,"KHR 32,000",$8.00
Same as ever,"KHR 40,000",$10.00
A brief history of time,"KHR 30,000",$7.50
The four agreements,"KHR 28,000",$7.00
Modern love,"KHR 34,000",$8.50
Twisted love,"KHR 34,000",$8.50
Twisted games,"KHR 36,000",$9.00
Twisted hate,"KHR 40,000",$10.00
Twisted lies,"KHR 40,000",$10.00
Surrounded by narcissists,"KHR 34,000",$8.50
The obstacle is the way,"KHR 30,000",$7.50
The woman in me,"KHR 34,000",$8.50
Check and mate,"KHR 34,000",$8.50
Blue ocean strategy,"KHR 32,000",$8.00
Sacred earth sacred soul,"KHR 68,000",$17.00
Twelve and a half,"KHR 68,000",$17.00
Women of Walt Disney Imagineering,"KHR 76,000",$19.00
Principles life and work,"KHR 68,000",$17.00
1000 Little things,KHR -,$ -
Everything I never told you,"KHR 34,000",$8.50
What happen to you,"KHR 34,000",$8.50
Control your anxiety,"KHR 32,000",$8.00
Instant word power,"KHR 44,000",$11.00
The daily laws,"KHR 40,000",$10.00
Difficult conversation,"KHR 34,000",$8.50
I will teach you to be rich,"KHR 64,000",$16.00
How to be a stoic,"KHR 32,000",$8.00
The summer I turned,"KHR 34,000",$8.50
It's not summer without you,"KHR 36,000",$9.00
Beach read,"KHR 34,000",$8.50
Things we never go over,"KHR 40,000",$10.00
The way of the superior man,"KHR 32,000",$8.00
High performance,"KHR 36,000",$9.00
Murder on the orient express,"KHR 34,000",$8.50
The Silva mind control,"KHR 34,000",$8.50
The 48 laws of power(Full),"KHR 88,000",$22.00
Outlive,"KHR 36,000",$9.00
A Little life,"KHR 60,000",$15.00
The housemaid watching,"KHR 34,000",$8.50
The diary of Ceo,"KHR 36,000",$9.00
Word power made easy,"KHR 44,000",$11.00
The unbearable lightness,"KHR 34,000",$8.50
Message in a bottle,"KHR 34,000",$8.50
The storied life of A.J,"KHR 30,000",$7.50
Remain scences of a stock,"KHR 30,000",$7.50
Making sense(David…),"KHR 34,000",$8.50
30 Days to better English,"KHR 32,000",$8.00
Before we say goodbye,"KHR 32,000",$8.00
Hidden potential,"KHR 36,000",$9.00
Die with zero,"KHR 32,000",$8.00
EP1 Learning Mathematics,"KHR 40,000",$10.00
EP2 Learning Mathematics,"KHR 36,000",$9.00
EP3.4.5 Learning Mathematics,"KHR 32,000",$8.00
EP6 Learning Mathematics,"KHR 28,000",$7.00
101 Challenging 1-6,"KHR 24,000",$6.00
Learning English grammar 1-6,"KHR 22,000",$5.50
Learning Maths 1-3,"KHR 22,000",$5.50
Learning vocabulary 1-6,"KHR 26,000",$6.50
Make your bed,"KHR 28,000",$7.00
In five years,"KHR 36,000",$9.00
Maybe not,"KHR 30,000",$7.50
Point of retreat,"KHR 36,000",$9.00
The seriouse business of small talk,"KHR 30,000",$7.50
Think faster,"KHR 34,000",$8.50
I want to die but I still want to eat Ttoekbokki,"KHR 32,000",$8.00
A universe from nothing,"KHR 32,000",$8.00
Thecourage to be happy,"KHR 34,000",$8.50
The 4 disciplines of execution,"KHR 44,000",$11.00
Why we sleep,"KHR 34,000",$8.50
Limitless,"KHR 52,000",$13.00
Life is hard,"KHR 32,000",$8.00
The power of positiveno,"KHR 34,000",$8.50
Feel the fear and do it anyway,"KHR 36,000",$9.00
The 7 habits of highly effective teen,"KHR 30,000",$7.50
Born a crime,"KHR 38,000",$9.50
The tao of warren buffett,"KHR 30,000",$7.50
The art of war,"KHR 30,000",$7.50
The secret garden,"KHR 34,000",$8.50
How to do the work,"KHR 36,000",$9.00
To sell is human,KHR -,$ -
The master key to rich,KHR -,$ -
The personal MBA,KHR -,$ -
Surrounded by liars,"KHR 40,000",$10.00
Clear thinking,"KHR 40,000",$10.00
The midnight library,"KHR 36,000",$9.00
The visual MBA,"KHR 48,000",$12.00
power and progress,"KHR 48,000",$12.00
The law of success,"KHR 60,000",$15.00
The innovator's dilemma,"KHR 48,000",$12.00
Nexus,"KHR 60,000",$15.00
Control your mind and master your feelings,"KHR 40,000",$10.00
We'll always have summer,"KHR 360,000",$90.00
How to know a person,"KHR 40,000",$10.00
A court of mist and fury,"KHR 76,000",$19.00
A court of frost and starlight,"KHR 60,000",$15.00
A court of thorns and roses,"KHR 68,000",$17.00
A court of silver flames,"KHR 76,000",$19.00
Awaken the giant within you,KHR -,$ -
Meditations,KHR -,$ -
What are you looking for is in the library,KHR -,$ -
The last cuentista,KHR -,$ -
Your nex five moves,KHR -,$ -
Economics in one lesson,KHR -,$ -
Don't let me fall,KHR -,$ -
Don't let me go,KHR -,$ -